councillor_a,councillor_b,shared_votes,agreement_rate
George Darouze,Shawn Menard,124,0.234
George Darouze,Sean Devine,116,0.25
Matthew Luloff,Shawn Menard,231,0.264
George Darouze,Jessica Bradley,112,0.268
Ariel Troster,George Darouze,119,0.269
George Darouze,Theresa Kavanagh,118,0.288
George Darouze,Rawlson King,125,0.328
Allan Hubley,Shawn Menard,195,0.333
David Brown,Shawn Menard,221,0.335
Laura Dudas,Shawn Menard,216,0.338
Matthew Luloff,Sean Devine,225,0.342
Jessica Bradley,Matthew Luloff,213,0.347
Catherine Kitts,Shawn Menard,215,0.363
David Brown,Sean Devine,214,0.364
George Darouze,Jeff Leiper,129,0.364
David Hill,Shawn Menard,213,0.366
Shawn Menard,Steve Desroches,194,0.366
David Hill,Sean Devine,207,0.367
Ariel Troster,Matthew Luloff,221,0.371
Matthew Luloff,Theresa Kavanagh,217,0.373
Allan Hubley,Sean Devine,194,0.376
Allan Hubley,Jessica Bradley,191,0.377
Jeff Leiper,Matthew Luloff,228,0.377
David Brown,Theresa Kavanagh,228,0.377
Sean Devine,Steve Desroches,209,0.383
Shawn Menard,Tim Tierney,229,0.384
David Brown,Jessica Bradley,205,0.385
Shawn Menard,Wilson Lo,214,0.393
Allan Hubley,Theresa Kavanagh,198,0.394
Cathy Curry,Shawn Menard,231,0.398
Ariel Troster,David Brown,216,0.398
Matthew Luloff,Rawlson King,233,0.399
Clarke Kelly,Shawn Menard,189,0.402
Allan Hubley,Ariel Troster,193,0.404
George Darouze,Laine Johnson,113,0.407
Ariel Troster,David Hill,200,0.41
David Hill,Jessica Bradley,197,0.411
Sean Devine,Wilson Lo,222,0.414
David Brown,Jeff Leiper,221,0.416
David Hill,Theresa Kavanagh,211,0.417
Jessica Bradley,Steve Desroches,208,0.418
Steve Desroches,Theresa Kavanagh,198,0.419
Jessica Bradley,Wilson Lo,221,0.421
Clarke Kelly,Sean Devine,190,0.421
Laura Dudas,Sean Devine,211,0.422
Allan Hubley,Jeff Leiper,196,0.423
Cathy Curry,Sean Devine,200,0.425
Catherine Kitts,Sean Devine,209,0.426
Catherine Kitts,Jessica Bradley,206,0.427
Ariel Troster,Steve Desroches,210,0.429
Jessica Bradley,Laura Dudas,211,0.431
Cathy Curry,Jessica Bradley,193,0.435
Rawlson King,Steve Desroches,196,0.439
Theresa Kavanagh,Wilson Lo,247,0.445
Sean Devine,Tim Tierney,217,0.447
Ariel Troster,Wilson Lo,261,0.448
Clarke Kelly,Jessica Bradley,187,0.449
Laine Johnson,Matthew Luloff,209,0.45
David Brown,Rawlson King,226,0.451
Jessica Bradley,Tim Tierney,205,0.454
Jeff Leiper,Steve Desroches,196,0.459
Allan Hubley,Rawlson King,197,0.462
Mark Sutcliffe,Shawn Menard,227,0.463
Ariel Troster,Laura Dudas,246,0.463
Clarke Kelly,Theresa Kavanagh,224,0.469
Laura Dudas,Theresa Kavanagh,232,0.47
Ariel Troster,Cathy Curry,231,0.472
David Hill,Rawlson King,210,0.476
Cathy Curry,Theresa Kavanagh,241,0.477
Clarke Kelly,Jeff Leiper,230,0.478
David Hill,Jeff Leiper,205,0.478
David Brown,Laine Johnson,202,0.48
Rawlson King,Wilson Lo,210,0.481
Ariel Troster,Clarke Kelly,229,0.485
Rawlson King,Tim Tierney,222,0.486
Ariel Troster,Catherine Kitts,246,0.488
Allan Hubley,Laine Johnson,182,0.489
Cathy Curry,Rawlson King,225,0.489
Clarke Kelly,Rawlson King,198,0.49
Jeff Leiper,Laura Dudas,250,0.492
George Darouze,Riley Brockington,126,0.492
Laura Dudas,Rawlson King,221,0.493
David Hill,Laine Johnson,186,0.495
Mark Sutcliffe,Sean Devine,206,0.495
Catherine Kitts,Theresa Kavanagh,234,0.496
Ariel Troster,Tim Tierney,244,0.5
Catherine Kitts,Rawlson King,217,0.502
Laine Johnson,Steve Desroches,195,0.503
Jessica Bradley,Mark Sutcliffe,202,0.505
Jeff Leiper,Wilson Lo,251,0.506
Isabelle Skalski,Sean Devine,79,0.506
Catherine Kitts,Jeff Leiper,251,0.506
Mark Sutcliffe,Rawlson King,229,0.507
Isabelle Skalski,Shawn Menard,69,0.507
Glen Gower,Shawn Menard,238,0.508
George Darouze,Stéphanie Plante,110,0.509
Laine Johnson,Wilson Lo,236,0.517
Mark Sutcliffe,Theresa Kavanagh,208,0.519
Jeff Leiper,Mark Sutcliffe,227,0.52
Clarke Kelly,Laine Johnson,210,0.524
Isabelle Skalski,Jessica Bradley,80,0.525
Isabelle Skalski,Theresa Kavanagh,74,0.527
Theresa Kavanagh,Tim Tierney,241,0.527
Cathy Curry,Laine Johnson,214,0.528
Jeff Leiper,Tim Tierney,257,0.529
Cathy Curry,Jeff Leiper,263,0.532
Ariel Troster,Mark Sutcliffe,206,0.534
Matthew Luloff,Riley Brockington,226,0.535
Matthew Luloff,Stéphanie Plante,197,0.543
David Hill,Stéphanie Plante,198,0.545
Riley Brockington,Steve Desroches,185,0.546
Laine Johnson,Mark Sutcliffe,193,0.554
Isabelle Skalski,Jeff Leiper,74,0.554
Laine Johnson,Laura Dudas,224,0.554
Ariel Troster,Isabelle Skalski,84,0.56
Catherine Kitts,Laine Johnson,221,0.57
Laine Johnson,Tim Tierney,225,0.573
David Brown,Riley Brockington,218,0.573
Marty Carr,Matthew Luloff,204,0.574
David Hill,Riley Brockington,201,0.577
Stéphanie Plante,Wilson Lo,205,0.58
Steve Desroches,Stéphanie Plante,194,0.582
Isabelle Skalski,Laine Johnson,72,0.583
David Brown,Stéphanie Plante,206,0.587
Glen Gower,Jessica Bradley,218,0.587
Glen Gower,Sean Devine,221,0.588
Allan Hubley,Stéphanie Plante,193,0.591
Sean Devine,Stéphanie Plante,203,0.591
David Brown,Marty Carr,215,0.591
Ariel Troster,Stéphanie Plante,211,0.592
George Darouze,Marty Carr,109,0.596
Cathy Curry,Riley Brockington,252,0.599
Glen Gower,Theresa Kavanagh,249,0.606
Allan Hubley,Riley Brockington,186,0.608
Isabelle Skalski,Rawlson King,70,0.614
Laura Dudas,Stéphanie Plante,197,0.614
Laura Dudas,Riley Brockington,241,0.614
Catherine Kitts,Stéphanie Plante,192,0.615
Riley Brockington,Shawn Menard,234,0.615
Laine Johnson,Stéphanie Plante,190,0.616
Clarke Kelly,Stéphanie Plante,196,0.617
David Hill,Marty Carr,214,0.617
Ariel Troster,Glen Gower,260,0.619
Jessica Bradley,Stéphanie Plante,203,0.621
Catherine Kitts,Riley Brockington,241,0.622
Isabelle Skalski,Marty Carr,69,0.623
Glen Gower,Rawlson King,231,0.623
Riley Brockington,Wilson Lo,236,0.623
Shawn Menard,Stéphanie Plante,201,0.627
Marty Carr,Wilson Lo,215,0.628
Rawlson King,Stéphanie Plante,215,0.628
Glen Gower,Laine Johnson,236,0.631
Mark Sutcliffe,Stéphanie Plante,203,0.631
Stéphanie Plante,Theresa Kavanagh,206,0.631
Mark Sutcliffe,Riley Brockington,217,0.636
Glen Gower,Jeff Leiper,279,0.638
Jessica Bradley,Marty Carr,202,0.639
Cathy Curry,Stéphanie Plante,194,0.639
Clarke Kelly,Riley Brockington,211,0.64
Glen Gower,Riley Brockington,262,0.641
Riley Brockington,Tim Tierney,249,0.643
Allan Hubley,Marty Carr,192,0.646
Stéphanie Plante,Tim Tierney,189,0.646
Riley Brockington,Stéphanie Plante,192,0.646
Marty Carr,Sean Devine,210,0.648
Marty Carr,Shawn Menard,218,0.651
Jeff Leiper,Stéphanie Plante,210,0.652
Jeff Leiper,Riley Brockington,262,0.656
Isabelle Skalski,Stéphanie Plante,68,0.662
Riley Brockington,Sean Devine,202,0.663
Clarke Kelly,Marty Carr,187,0.663
Jessica Bradley,Riley Brockington,191,0.665
Marty Carr,Steve Desroches,194,0.665
George Darouze,Glen Gower,134,0.672
Laine Johnson,Marty Carr,189,0.677
Glen Gower,Stéphanie Plante,203,0.68
Marty Carr,Riley Brockington,207,0.681
Glen Gower,Matthew Luloff,245,0.686
Riley Brockington,Theresa Kavanagh,241,0.689
Rawlson King,Riley Brockington,227,0.692
Marty Carr,Tim Tierney,205,0.693
Catherine Kitts,Marty Carr,193,0.694
Laura Dudas,Marty Carr,196,0.699
Marty Carr,Stéphanie Plante,203,0.7
Glen Gower,Wilson Lo,267,0.7
Ariel Troster,Riley Brockington,230,0.7
Ariel Troster,Marty Carr,204,0.701
Laine Johnson,Riley Brockington,212,0.703
Isabelle Skalski,Riley Brockington,66,0.712
Marty Carr,Theresa Kavanagh,215,0.712
Cathy Curry,Marty Carr,205,0.717
George Darouze,Mark Sutcliffe,122,0.721
Marty Carr,Rawlson King,214,0.729
Jeff Leiper,Marty Carr,211,0.73
David Brown,Glen Gower,222,0.73
Glen Gower,Isabelle Skalski,84,0.738
Mark Sutcliffe,Marty Carr,204,0.74
Glen Gower,Steve Desroches,211,0.744
Laine Johnson,Shawn Menard,192,0.745
Clarke Kelly,Glen Gower,224,0.746
Mark Sutcliffe,Matthew Luloff,222,0.752
George Darouze,Wilson Lo,117,0.752
Clarke Kelly,Wilson Lo,222,0.752
Catherine Kitts,Wilson Lo,244,0.754
Tim Tierney,Wilson Lo,251,0.757
Rawlson King,Sean Devine,214,0.757
Clarke Kelly,George Darouze,109,0.761
Jeff Leiper,Sean Devine,204,0.765
David Hill,Glen Gower,206,0.767
Mark Sutcliffe,Wilson Lo,206,0.767
Laine Johnson,Theresa Kavanagh,226,0.77
Jessica Bradley,Laine Johnson,201,0.771
Allan Hubley,Glen Gower,197,0.772
Cathy Curry,Clarke Kelly,213,0.779
Clarke Kelly,Tim Tierney,214,0.78
David Hill,Mark Sutcliffe,200,0.78
Cathy Curry,George Darouze,123,0.78
Clarke Kelly,David Hill,183,0.781
Cathy Curry,Wilson Lo,238,0.782
Glen Gower,Tim Tierney,273,0.788
Ariel Troster,Laine Johnson,237,0.789
Laine Johnson,Sean Devine,205,0.79
Sean Devine,Theresa Kavanagh,214,0.79
David Hill,Wilson Lo,209,0.794
Jessica Bradley,Rawlson King,205,0.795
Clarke Kelly,Laura Dudas,210,0.795
Jeff Leiper,Jessica Bradley,201,0.796
George Darouze,Laura Dudas,128,0.797
David Hill,Isabelle Skalski,64,0.797
Shawn Menard,Theresa Kavanagh,217,0.797
Catherine Kitts,Glen Gower,266,0.797
Matthew Luloff,Wilson Lo,223,0.798
Rawlson King,Theresa Kavanagh,222,0.802
Clarke Kelly,Matthew Luloff,198,0.803
Isabelle Skalski,Steve Desroches,67,0.806
Sean Devine,Shawn Menard,212,0.807
Jeff Leiper,Rawlson King,238,0.807
Jessica Bradley,Sean Devine,219,0.808
Laura Dudas,Wilson Lo,245,0.808
Catherine Kitts,Clarke Kelly,225,0.809
Catherine Kitts,George Darouze,131,0.809
Isabelle Skalski,Wilson Lo,84,0.81
Clarke Kelly,Steve Desroches,179,0.81
Glen Gower,Laura Dudas,264,0.811
Rawlson King,Shawn Menard,238,0.811
David Hill,Tim Tierney,201,0.811
Matthew Luloff,Steve Desroches,207,0.812
Catherine Kitts,David Brown,223,0.812
Catherine Kitts,Isabelle Skalski,80,0.812
Jeff Leiper,Laine Johnson,225,0.813
David Brown,Laura Dudas,215,0.814
Laine Johnson,Rawlson King,194,0.814
Jeff Leiper,Shawn Menard,237,0.814
Jeff Leiper,Theresa Kavanagh,249,0.815
Catherine Kitts,Tim Tierney,245,0.816
Cathy Curry,Matthew Luloff,223,0.816
George Darouze,Steve Desroches,115,0.817
David Brown,Mark Sutcliffe,215,0.819
Cathy Curry,David Brown,217,0.82
Catherine Kitts,David Hill,189,0.82
Jessica Bradley,Theresa Kavanagh,205,0.82
David Hill,Matthew Luloff,201,0.821
Catherine Kitts,Mark Sutcliffe,214,0.822
Ariel Troster,Jeff Leiper,250,0.824
Ariel Troster,Sean Devine,221,0.824
Allan Hubley,Wilson Lo,194,0.825
George Darouze,Tim Tierney,120,0.825
David Brown,David Hill,211,0.825
Cathy Curry,David Hill,201,0.826
David Brown,Wilson Lo,219,0.826
Catherine Kitts,Matthew Luloff,238,0.828
Cathy Curry,Glen Gower,263,0.829
Steve Desroches,Wilson Lo,211,0.829
Glen Gower,Marty Carr,212,0.83
Matthew Luloff,Tim Tierney,237,0.831
David Hill,Laura Dudas,191,0.832
Ariel Troster,Rawlson King,215,0.833
Steve Desroches,Tim Tierney,200,0.835
Allan Hubley,Catherine Kitts,188,0.835
David Brown,Tim Tierney,214,0.836
Catherine Kitts,Cathy Curry,241,0.838
Clarke Kelly,Mark Sutcliffe,191,0.838
Catherine Kitts,Steve Desroches,198,0.838
Laura Dudas,Mark Sutcliffe,218,0.839
Glen Gower,Mark Sutcliffe,228,0.842
Cathy Curry,Tim Tierney,248,0.843
Ariel Troster,Jessica Bradley,220,0.845
Allan Hubley,Mark Sutcliffe,194,0.845
Allan Hubley,Clarke Kelly,182,0.846
David Brown,Steve Desroches,196,0.847
Allan Hubley,Laura Dudas,186,0.849
Mark Sutcliffe,Steve Desroches,194,0.851
Ariel Troster,Shawn Menard,204,0.853
Allan Hubley,Isabelle Skalski,68,0.853
Isabelle Skalski,Tim Tierney,82,0.854
Laura Dudas,Steve Desroches,200,0.855
David Brown,Matthew Luloff,229,0.856
Cathy Curry,Steve Desroches,188,0.856
Allan Hubley,George Darouze,105,0.857
Laura Dudas,Matthew Luloff,232,0.858
Ariel Troster,Theresa Kavanagh,246,0.858
Catherine Kitts,Laura Dudas,250,0.86
Clarke Kelly,David Brown,212,0.863
Cathy Curry,Isabelle Skalski,73,0.863
Isabelle Skalski,Matthew Luloff,82,0.866
Allan Hubley,David Hill,188,0.867
Isabelle Skalski,Laura Dudas,76,0.868
Allan Hubley,Matthew Luloff,191,0.869
Allan Hubley,Steve Desroches,183,0.869
David Brown,George Darouze,116,0.871
Laura Dudas,Tim Tierney,244,0.873
David Hill,George Darouze,110,0.873
David Hill,Steve Desroches,190,0.874
George Darouze,Matthew Luloff,128,0.875
Allan Hubley,Cathy Curry,190,0.879
Jessica Bradley,Shawn Menard,200,0.88
Allan Hubley,Tim Tierney,185,0.881
Mark Sutcliffe,Tim Tierney,211,0.882
Cathy Curry,Laura Dudas,238,0.882
Cathy Curry,Mark Sutcliffe,219,0.89
Clarke Kelly,Isabelle Skalski,72,0.903
Allan Hubley,David Brown,195,0.908
Isabelle Skalski,Mark Sutcliffe,70,0.914
David Brown,Isabelle Skalski,77,0.948
