ctid,tract_name,requests,median_days_to_close,equity_score,stratum,nei_name
5050171.03,0171.03,765,242.0,38.1,Rural,Navan-Vars
5050190.01,0190.01,769,104.0,40.9,Rural,Metcalfe-Edwards-Vernon
5050302.00,0302.00,655,187.0,44.1,Rural,Constance Bay-Dunrobin
5050050.00,0050.00,363,113.0,44.2,Urban,University of Ottawa
5050171.06,0171.06,904,198.0,44.4,Rural,Cumberland-Sarsfield
5050007.02,0007.02,106,201.5,45.0,Urban,Heron Gate
5050191.01,0191.01,341,160.0,48.9,Rural,Manotick Station
5050151.09,0151.09,829,231.0,49.1,Rural,Goulbourn
5050190.02,0190.02,553,165.0,51.5,Rural,Greely
5050200.01,0200.01,281,190.0,51.8,Rural,Marlborough
5050022.00,0022.00,514,132.5,52.2,Urban,Carlington-Belleview-Lepage-Caldwell
5050012.00,0012.00,372,184.5,52.4,Urban,Overbrook-The Four Corners-Queen Mary Court
5050100.00,0100.00,119,281.0,52.9,Urban,Vanier-McArthur Ave
5050014.00,0014.00,88,145.5,54.4,Urban,Sandy Hill-Strathcona Heights
5050151.03,0151.03,531,224.0,54.8,Rural,Richmond Village
5050123.01,0123.01,205,176.0,55.5,Urban,Emerald Woods-Sawmill Creek
5050101.00,0101.00,358,223.0,56.3,Urban,Vanier-Parkway-Kingsview Park
5050010.00,0010.00,143,237.0,56.4,Urban,Hawthorn Meadows-Confederation Court
5050122.01,0122.01,161,223.0,56.4,Urban,Cummings-Cyrville
5050200.02,0200.02,554,184.0,56.8,Rural,North Gover-Kars
5050029.00,0029.00,227,119.0,57.6,Urban,Britannia Woods-Michele Heights
5050002.05,0002.05,197,135.0,57.8,Urban,Hunt Club West-Ashgrove-Shearwater Court
5050121.02,0121.02,190,126.0,58.0,Urban,Beacon Hill South
5050201.00,0201.00,317,178.0,58.6,Rural,Manotick-Long Island
5050301.00,0301.00,480,184.0,58.9,Rural,Kinburn-Galetta-Fitzroy
5050191.02,0191.02,438,196.0,59.3,Rural,Osgoode
5050056.00,0056.00,455,150.0,59.7,Urban,Lowertown-Beausoleil Dr
5050132.00,0132.00,272,207.0,60.1,Urban,Skyline-Fisher Heights
5050027.00,0027.00,157,197.0,60.7,Urban,Morrison Gardens
5050054.00,0054.00,719,232.0,61.3,Urban,Byward Market
5050102.00,0102.00,240,159.0,61.5,Urban,Vanier-Montreal Rd
5050061.00,0061.00,350,155.5,61.7,Urban,Forbes
5050125.02,0125.02,134,121.5,62.8,Suburban,Blackburn-Innes Park
5050003.00,0003.00,622,184.5,63.0,Urban,Riverside Park
5050013.00,0013.00,379,182.0,63.1,Urban,Overbrook-Donald Court
5050135.01,0135.01,372,160.0,63.3,Urban,Craig Henry-Woodvale
5050060.00,0060.00,212,192.5,63.3,Urban,Brittany-Beechwood
5050021.00,0021.00,504,190.5,63.6,Urban,Carlington-Alexander
5050053.00,0053.00,336,179.0,64.0,Urban,Lowertown-Rideau St
5050020.01,0020.01,600,251.0,64.3,Urban,Rideauview-Courtland Park-Experimental Farm-Carleton University
5050160.09,0160.09,705,160.0,64.4,Rural,South March
5050120.03,0120.03,216,235.0,64.6,Urban,Rothwell Village-Beaconwood
5050138.00,0138.00,239,149.0,64.7,Urban,Bayshore
5050122.02,0122.02,464,253.0,64.8,Urban,Pineview-Cyrville
5050127.00,0127.00,288,164.5,65.1,Suburban,Uplands-Ottawa Airport
5050004.00,0004.00,493,234.0,65.2,Urban,Clementine
5050062.02,0062.02,143,191.0,65.2,Urban,Wateridge Village at Rockcliffe
5050125.03,0125.03,507,230.0,65.2,Greenbelt-Rural,Greenbelt-Mer Bleue
5050131.02,0131.02,231,204.0,65.3,Urban,Parkwood Hills
5050042.00,0042.00,421,216.0,65.4,Urban,Dalhousie-Rochester Heights
5050028.00,0028.00,697,140.0,65.8,Urban,Foster Farm
5050136.02,0136.02,351,147.0,66.0,Urban,Bells Corners West-Bellwood-Westcliffe Estates
5050011.01,0011.01,758,182.5,66.1,Urban,East Industrial-Sheffield Glen-Russell Heights
5050001.06,0001.06,404,157.0,66.3,Urban,Greenboro East
5050001.08,0001.08,503,175.0,66.4,Urban,Hunt Club Park-East Industrial
5050103.00,0103.00,238,128.5,66.5,Urban,Vanier-Richelieu Park
5050051.00,0051.00,345,242.0,66.5,Urban,Sandy Hill-King Edward Ave
5050141.14,0141.14,1060,161.5,66.5,Rural-Greenbelt,Greenbelt-Fallowfield
5050008.00,0008.00,235,252.0,66.7,Urban,Canterbury
5050062.01,0062.01,252,188.5,66.7,Urban,Viscount Alexander Park-La Cite
5050001.07,0001.07,211,117.0,66.9,Urban,Greenboro-Hunt Club Park
5050126.04,0126.04,1374,170.0,67.8,Rural-Greenbelt,Hawthorne-Carlsbad Springs
5050135.03,0135.03,205,194.0,67.9,Urban,Manordale
5050030.00,0030.00,462,131.0,68.0,Urban,Britannia Village-Eva Tylor Court-Winthrop Court-Regina Towers
5050131.01,0131.01,387,213.0,68.1,Urban,Borden Farm-Fisher Glen-Red Pine
5050137.02,0137.02,190,157.5,68.4,Urban,Bruce Farm-Leslie Park
5050011.04,0011.04,215,214.0,68.6,Urban,Riverview-Blair
5050001.05,0001.05,387,160.0,68.6,Urban,Greenboro
5050026.00,0026.00,722,138.0,68.7,Urban,Pinecrest Terrace
5050140.07,0140.07,226,191.0,69.0,Suburban,Old Barrhaven West-Mowat Farm Park-Malvern Park
5050125.09,0125.09,124,243.5,69.1,Suburban,Chapel Hill North-Roy Park
5050001.04,0001.04,389,150.0,69.3,Urban,South Keys
5050038.00,0038.00,534,246.0,69.7,Urban,Centretown-Bank St
5050031.00,0031.00,422,123.5,69.7,Urban,Lincoln Heights-McEwen Towers
5050024.00,0024.00,223,190.0,69.7,Urban,Bel Air Park-Copeland Park
5050133.00,0133.00,378,160.0,69.8,Urban,City View-Algonquin College
5050023.01,0023.01,453,174.0,69.8,Urban,Bel Air Heights
5050130.02,0130.02,219,194.0,70.0,Urban,Tanglewood
5050160.06,0160.06,455,152.0,70.3,Suburban,Village Green-Centrum
5050136.01,0136.01,275,166.0,70.5,Urban,Bells Corners East-Lynwood Village-Arbeatha Park
5050032.01,0032.01,215,143.0,70.8,Urban,Woodpark
5050002.04,0002.04,129,127.0,70.8,Urban,Riverside Gate
5050002.06,0002.06,230,226.5,70.9,Urban,Hunt Club Woods
5050011.03,0011.03,141,194.0,70.9,Urban,Rideau River Park-Riviera
5050160.11,0160.11,357,237.0,71.0,Suburban,South March-Brookside-Briarbrook
5050170.01,0170.01,224,144.0,71.2,Suburban,Chatelaine Village
5050134.00,0134.00,329,237.0,71.3,Urban,Meadowlands
5050124.01,0124.01,422,156.5,71.6,Suburban,Convent Glen-Place d'Orleans
5050141.11,0141.11,213,214.0,71.7,Suburban,Old Barrhaven East-Rodeo Dr
5050151.08,0151.08,952,158.5,71.8,Suburban,Stittsville-Iber Rd-Stanley Corners
5050121.01,0121.01,342,206.0,71.8,Urban,Cardinal Heights
5050170.10,0170.10,264,154.0,71.8,Suburban,Fallingbrook-Princess Louise Dr
5050104.00,0104.00,263,157.0,71.9,Urban,Vanier-Landry St
5050020.02,0020.02,314,191.0,71.9,Urban,Carleton Heights
5050005.00,0005.00,799,132.0,72.0,Urban,Billings Bridge
5050125.07,0125.07,329,237.0,72.0,Suburban,Chapel Hill North-Beausejour
5050120.02,0120.02,164,263.5,72.2,Suburban,Beacon Hill North
5050041.00,0041.00,374,189.5,72.2,Urban,Somerset-Chinatown
5050162.02,0162.02,390,191.0,72.4,Suburban,Glen Cairn-Abbottsville Crossing
5050124.02,0124.02,212,187.0,72.5,Suburban,Queenswood Village
5050141.09,0141.09,291,216.0,72.6,Suburban,Barrhaven-Rideaucrest South
5050141.13,0141.13,242,188.0,72.6,Suburban,Barrhaven-Heart's Desire
5050048.00,0048.00,4277,324.0,72.9,Urban,Centretown-Downtown
5050161.03,0161.03,196,169.0,72.9,Suburban,Bridlewood
5050135.02,0135.02,295,212.0,73.1,Urban,Arlington Woods-Sheahan Estates
5050161.06,0161.06,360,204.0,73.1,Suburban,Emerald Meadows-Hope Side Rd
5050035.00,0035.00,426,187.0,73.1,Urban,The Glebe Annex-Little Italy
5050120.01,0120.01,117,225.0,73.2,Urban,Rothwell Heights
5050025.00,0025.00,666,170.5,73.3,Urban,Whitehaven-Glabar Park
5050039.00,0039.00,245,187.0,73.5,Urban,Centretown-Lyon St-McLeod St
5050151.05,0151.05,162,173.0,73.6,Suburban,Stittsville-Amberwood Village
5050160.04,0160.04,474,188.0,73.6,Suburban,Katimavik-Hazeldean-Kakulu
5050122.03,0122.03,539,211.0,73.7,Urban,Carson Grove
5050007.01,0007.01,110,172.5,73.7,Urban,Playfair Park
5050160.02,0160.02,469,225.0,73.9,Suburban,Beaverbrook
5050015.00,0015.00,466,200.0,74.0,Urban,Old Ottawa East-St Paul University
5050125.01,0125.01,241,225.0,74.1,Suburban,Blackburn Hamlet
5050141.10,0141.10,231,147.0,74.2,Suburban,Old Barrhaven East-Stinson Park
5050002.02,0002.02,284,198.0,74.3,Urban,Hunt Club West-Owl Park
5050059.00,0059.00,217,160.0,74.3,Urban,Rockcliffe-Manor Park
5050140.05,0140.05,212,249.5,74.5,Suburban,Old Barrhaven West-Houlahan Park-Moloughney Park
5050046.00,0046.00,541,208.0,74.8,Urban,Mechanicsville
5050160.05,0160.05,163,204.0,74.9,Suburban,Katimavik-Hazeldean-McCurdy
5050170.09,0170.09,196,138.0,75.0,Suburban,Fallingbrook-Charlemagne
5050130.01,0130.01,748,211.5,75.0,Urban,Merivale Gardens-Pineglen
5050052.00,0052.00,329,191.0,75.1,Urban,Sandy Hill-Riverfront-Cummings Bridge
5050137.04,0137.04,107,94.0,75.2,Urban,Briargreen Park
5050151.04,0151.04,448,177.5,75.3,Suburban,Stittsville-Crossing Bridge
5050137.05,0137.05,413,203.0,75.5,Urban,Centrepointe
5050040.00,0040.00,412,297.0,75.5,Urban,Centretown-Lyon St-Maclaren St
5050171.07,0171.07,199,208.0,75.5,Suburban,Nottinggate North
5050009.00,0009.00,353,246.0,75.6,Urban,Elmvale
5050125.08,0125.08,321,257.0,75.7,Suburban,Orleans Village-Chateauneuf South
5050125.05,0125.05,432,222.5,75.9,Suburban,Orleans Village-Chateauneuf North
5050140.06,0140.06,112,164.5,75.9,Suburban,Old Barrhaven West-Fallowfield Rd
5050170.12,0170.12,181,151.0,76.1,Suburban,Fallingbrook-Pineridge
5050126.06,0126.06,326,141.0,76.3,Suburban,Riverside South-Spratt Rd-Earl Armstrong Rd
5050002.01,0002.01,312,169.0,76.7,Urban,Riverside Park South
5050141.04,0141.04,147,193.0,77.2,Suburban,Barrhaven-Stonebridge
5050139.00,0139.00,327,134.0,77.5,Urban,Crystal Bay-Lakeview Park
5050140.03,0140.03,158,147.0,77.6,Suburban,Old Barrhaven East-Fallowfield Rd
5050170.13,0170.13,199,154.0,77.6,Suburban,Fallingbrook-Gardenway East
5050170.05,0170.05,185,154.0,77.6,Suburban,Queenswood Heights South
5050007.03,0007.03,222,205.5,77.6,Urban,Guildwood Estates
5050160.07,0160.07,412,205.0,77.8,Suburban,Kanata Lakes
5050161.05,0161.05,308,138.0,78.0,Suburban,Emerald Meadows-Bridgestone Dr
5050126.05,0126.05,450,169.0,78.3,Suburban,Riverside South
5050058.00,0058.00,244,193.5,78.6,Urban,New Edinburg-Rideau Hall
5050124.04,0124.04,244,276.5,78.6,Suburban,Jeanne d'Arc Park-Terry Fox Park
5050023.02,0023.02,241,244.0,78.7,Urban,Central Park
5050170.04,0170.04,165,141.0,78.7,Suburban,Queenswood Heights-Kinsella Park
5050170.11,0170.11,117,224.0,79.0,Suburban,Fallingbrook-Ridgenount
5050171.05,0171.05,411,205.0,79.1,Suburban,Cardinal Creek-Springridge
5050170.03,0170.03,186,150.0,79.2,Suburban,Queenswood Heights North
5050125.04,0125.04,291,198.0,79.3,Suburban,Chapel Hill North-Willowbark
5050161.04,0161.04,196,142.5,79.3,Suburban,Bridlewood-Steeple Chase Dr
5050110.00,0110.00,169,116.0,79.4,Urban,Rockcliffe Park
5050055.00,0055.00,222,220.5,79.5,Urban,Sussex Dr-Bingham Park
5050033.02,0033.02,449,113.0,79.8,Urban,Westboro-Hampton Park
5050006.00,0006.00,487,165.0,79.8,Urban,Alta Vista
5050124.03,0124.03,277,253.0,80.2,Suburban,Hiawatha Park-Voyageurs Park
5050151.06,0151.06,345,163.0,80.9,Suburban,Stittsville South
5050140.04,0140.04,259,266.0,81.3,Suburban,Old Barrhaven West-Weybridge
5050057.00,0057.00,129,149.0,82.4,Urban,Lindenlea
5050033.01,0033.01,507,156.0,82.7,Urban,Westboro-Dovercourt
5050017.00,0017.00,333,230.0,83.1,Urban,Old Ottawa South-Brewer Park
5050043.00,0043.00,483,204.0,83.2,Urban,Hintonburg
5050049.00,0049.00,196,278.0,83.4,Urban,Centretown-Golden Triangle
5050170.08,0170.08,103,184.0,83.6,Suburban,Fallingbrook-Gardenway West
5050018.00,0018.00,431,237.0,83.9,Urban,Glebe-Lansdowne
5050032.02,0032.02,561,210.0,84.5,Urban,Laurentian View-Highland Park
5050036.00,0036.00,603,232.0,85.0,Urban,Glebe-Patterson Creek
5050034.00,0034.00,415,187.0,85.4,Urban,Parkdale-Civic Hospital
5050137.03,0137.03,158,92.5,85.7,Urban,Qualicum-Graham Park
5050019.00,0019.00,815,201.0,85.7,Urban,Glebe South-Dows Lake
5050016.00,0016.00,425,189.0,86.0,Urban,Rideau Gardens
5050047.00,0047.00,185,229.0,86.4,Urban,LeBreton Flats
5050044.00,0044.00,267,246.0,88.2,Urban,Island Park-Fisher Park
